Number,Area,Function,Browser source,Native code,Verification note
1,Bootstrap / persistence,Initial world and data,game.js Game constructor/generate; data.js; content-53.js,scripts/game.gd new_world; scripts/game.gd _normalize; data/catalog.json; data/initial_world.json,Code correspondence; test coverage and device limits are described in TEST-REPORT.md
2,Bootstrap / persistence,Start and continue,app.js initial Game.load/new Game; boot,scripts/hud.gd _start; scripts/game.gd load_game,Code correspondence; test coverage and device limits are described in TEST-REPORT.md
3,Bootstrap / persistence,New world backup,"app.js newWorld handler: download backup, setGame(new Game), save",scripts/hud.gd _confirm_new; scripts/game.gd export_json,Code correspondence; test coverage and device limits are described in TEST-REPORT.md
4,Bootstrap / persistence,Manual save,app.js saveNow/save; game.js save,scripts/game.gd save_game,Code correspondence; test coverage and device limits are described in TEST-REPORT.md
5,Bootstrap / persistence,Autosave interval,app.js animate saves every20 game seconds,scripts/game.gd step,Code correspondence; test coverage and device limits are described in TEST-REPORT.md
6,Bootstrap / persistence,Save on background and close,app.js visibilitychange/pagehide resetInput/save/pause,scripts/game.gd _notification; scripts/game.gd _exit_tree; scripts/world.gd _notification; scripts/hud.gd reset_controls,Code correspondence; test coverage and device limits are described in TEST-REPORT.md
7,Bootstrap / persistence,Corrupt save recovery,"app.js saveWarning prevents silent overwrite, import catch; game.js load validates",scripts/save_migration.gd decode; scripts/game.gd load_game,Code correspondence; test coverage and device limits are described in TEST-REPORT.md
8,Bootstrap / persistence,Export current world JSON,app.js exportSave/download,scripts/hud.gd _write_export_file; scripts/game.gd export_json,Code correspondence; test coverage and device limits are described in TEST-REPORT.md
9,Bootstrap / persistence,Import JSON with automatic backup,"app.js importSave max5MB, Game.load, download old world before replacing",scripts/hud.gd _request_import; scripts/game.gd import_json,Code correspondence; test coverage and device limits are described in TEST-REPORT.md
10,Bootstrap / persistence,Browser save compatibility/migrations,game.js Game.load; world-migration.js; restore* wrappers,scripts/save_migration.gd decode; scripts/save_migration.gd _legacy; scripts/save_migration.gd _company,Code correspondence; test coverage and device limits are described in TEST-REPORT.md
11,Bootstrap / persistence,Settings persistence,app.js SETTINGS_KEY/persistSettings,scripts/world.gd load_preferences; scripts/world.gd save_preferences,Code correspondence; test coverage and device limits are described in TEST-REPORT.md
12,Bootstrap / persistence,Loading/error recovery and 2D mode,app.js boot/graphicsStage/retry/compatibility; world.js MapWorld,scripts/world.gd _ready; scripts/world.gd set_view_mode,Code correspondence; test coverage and device limits are described in TEST-REPORT.md
13,Bootstrap / persistence,Fullscreen,app.js fullscreen handler,scripts/hud.gd _settings; project.godot,Code correspondence; test coverage and device limits are described in TEST-REPORT.md
14,Bootstrap / persistence,Credits/licenses entry,app.js credits link; credits.html,scripts/hud.gd _licenses,Code correspondence; test coverage and device limits are described in TEST-REPORT.md
15,HUD / input,Movement joystick and camera-relative WASD,app.js moveStick/animate,scripts/joystick.gd _input; scripts/hud.gd input_state; scripts/world.gd _physics_process,Code correspondence; test coverage and device limits are described in TEST-REPORT.md
16,HUD / input,Arrow-key movement and held Alt/Shift,"app.js keydown/up, animate modifiers",scripts/hud.gd input_state; scripts/world.gd _physics_process,Code correspondence; test coverage and device limits are described in TEST-REPORT.md
17,HUD / input,Walk/sprint touch toggles,app.js run/walk/movementMode53,scripts/hud.gd _update_action_status,Code correspondence; test coverage and device limits are described in TEST-REPORT.md
18,HUD / input,Jump,app.js holdButton jump and Space edge detection,scripts/game.gd _move_player; scripts/hud.gd _input,Code correspondence; test coverage and device limits are described in TEST-REPORT.md
19,HUD / input,Hold attack and hold gather,"app.js holdButton, animate repeats attack/E every.8s",scripts/hud.gd _input; scripts/hud.gd _update_held_actions,Code correspondence; test coverage and device limits are described in TEST-REPORT.md
20,HUD / input,All menu keyboard shortcuts,"app.js I/Tab,B,C,M,K,H,L,N,J,P",scripts/hud.gd _unhandled_key_input,Code correspondence; test coverage and device limits are described in TEST-REPORT.md
21,HUD / input,Combat/tool keyboard shortcuts,"app.js 1..5 tools,Q/R/T/G,Z,Y,V,Enter,R build",scripts/hud.gd _unhandled_key_input; scripts/hud.gd _quick_tool,Code correspondence; test coverage and device limits are described in TEST-REPORT.md
22,HUD / input,Escape/back and panel dismissal,app.js Escape closes menu else cancels build else settings; backdrop click; focus return/trap,scripts/hud.gd _unhandled_key_input; scripts/hud.gd close_panel,Code correspondence; test coverage and device limits are described in TEST-REPORT.md
23,HUD / input,Panel suppresses combat/movement,"app.js openMenu sets autoBattle false, resetInput, inert controls",scripts/hud.gd show_page; scripts/hud.gd input_state,Code correspondence; test coverage and device limits are described in TEST-REPORT.md
24,HUD / input,Mouse drag camera and wheel zoom,"app.js any pointer drag, wheel4.5..35",scripts/world.gd _unhandled_input,Code correspondence; test coverage and device limits are described in TEST-REPORT.md
25,HUD / input,Tap target / repeat tap attack,app.js bindCanvas pickTarget and repeated same target attack,scripts/world.gd _pick; scripts/world.gd _tap_world; scripts/combat_parity.gd select_target,Code correspondence; test coverage and device limits are described in TEST-REPORT.md
26,HUD / input,Clear target,app.js clearTarget sets targetId=null/autoBattle=false,scripts/hud.gd _make_hud,Code correspondence; test coverage and device limits are described in TEST-REPORT.md
27,HUD / input,Quick heal,"app.js quickHeal -> eat, food count/disabled in updateRPGHUD",scripts/hud.gd _make_hud; scripts/game.gd eat,Code correspondence; test coverage and device limits are described in TEST-REPORT.md
28,HUD / input,Quick PvP toggle,app.js quickPvp,scripts/hud.gd _make_hud,Code correspondence; test coverage and device limits are described in TEST-REPORT.md
29,HUD / input,Quick sound toggle,app.js soundToggle,scripts/hud.gd _make_hud; scripts/world.gd set_sound,Code correspondence; test coverage and device limits are described in TEST-REPORT.md
30,HUD / input,Health/stamina/hunger and status,app.js updateUI; rpg-ui.js updateRPGHUD,scripts/hud.gd _process; scripts/hud.gd _update_action_status,Code correspondence; test coverage and device limits are described in TEST-REPORT.md
31,HUD / input,Compass and objective guidance,app.js updateUI bearing/objectiveTitle/objectiveCount/objectiveText,scripts/hud.gd _update_action_status,Code correspondence; test coverage and device limits are described in TEST-REPORT.md
32,HUD / input,Target details and skill cooldown UI,rpg-ui.js updateRPGHUD,scripts/hud.gd _update_action_status,Code correspondence; test coverage and device limits are described in TEST-REPORT.md
33,HUD / input,Naval quick controls and reload UI,rpg-ui.js navalPanel/updateRPGHUD; app.js shipCargo/disembark/data-naval,scripts/hud.gd _update_action_status,Code correspondence; test coverage and device limits are described in TEST-REPORT.md
34,HUD / input,Cart cargo status shortcut,app.js cartStatus/activeCart,scripts/hud.gd _update_action_status,Code correspondence; test coverage and device limits are described in TEST-REPORT.md
35,HUD / input,Damage numbers and combat feedback,rpg-ui.js damageNumbers/hit/hurt/miss/parry/guardBreak/interrupt,scripts/combat_parity.gd record_event; scripts/hud.gd _update_combat_feedback,Code correspondence; test coverage and device limits are described in TEST-REPORT.md
36,HUD / input,Death overlay and direct respawn,app.js death/respawn handlers,scripts/hud.gd _make_death_panel; scripts/combat_parity.gd respawn,Code correspondence; test coverage and device limits are described in TEST-REPORT.md
37,Inventory,Weight/slots/stacks,game.js inventoryWeight/inventorySlots/addInventory; bag-panel.js,scripts/game.gd weight; scripts/game.gd slots; scripts/game.gd add_inventory,Code correspondence; test coverage and device limits are described in TEST-REPORT.md
38,Inventory,Equipment five slots and preview,interface-53.js equipmentPanel/comparison53; visuals-53.js preview,scripts/hud.gd _character_preview; scripts/character_rig.gd rebuild,Code correspondence; test coverage and device limits are described in TEST-REPORT.md
39,Inventory,Equip/unequip and defenses,systems-53.js equipEquipment/unequipSlot/equipmentDefense,scripts/game.gd equip; scripts/game.gd unequip; scripts/game.gd defense,Code correspondence; test coverage and device limits are described in TEST-REPORT.md
40,Inventory,Four filters and sort,bag-panel.js renderBag; app.js bagSort/data-bag-filter,scripts/hud.gd _bag_entries,Code correspondence; test coverage and device limits are described in TEST-REPORT.md
41,Inventory,Selected item details and comparison,bag-panel.js renderBag; interface-53.js comparison53,scripts/hud.gd _item_details; scripts/hud.gd _resource_details,Code correspondence; test coverage and device limits are described in TEST-REPORT.md
42,Inventory,Drop5/eat,app.js data-drop/eatFood; game.js drop/eat,scripts/game.gd drop; scripts/game.gd eat,Code correspondence; test coverage and device limits are described in TEST-REPORT.md
43,Inventory,Quick transfer all/from/to,interface-53.js quickTransfer53; systems-53.js quickTransfer,scripts/game.gd transfer; scripts/hud.gd _quick_transfer,Code correspondence; test coverage and device limits are described in TEST-REPORT.md
44,Inventory,Quickbar ranged slot and locked items,app.js hotbar uses equipped ranged bow in slot5; locked click opens craft,scripts/hud.gd _quick_tool; scripts/hud.gd _equip_quick,Code correspondence; test coverage and device limits are described in TEST-REPORT.md
45,Build / craft,All28 build cards/categories/assets,data.js BUILDINGS; app.js build menu,scripts/hud.gd _build; scripts/assets.gd building,Code correspondence; test coverage and device limits are described in TEST-REPORT.md
46,Build / craft,Placement preview / confirm / rotate / cancel,app.js buildControls/placeBuilding; world.js placementPoint,scripts/world.gd start_build; scripts/world.gd confirm_build; scripts/world.gd cancel_build,Code correspondence; test coverage and device limits are described in TEST-REPORT.md
47,Build / craft,Grid toggle and snapped rotation,settlements.js snapPlacement; app.js snapBuild,scripts/world.gd placement_point; scripts/building_geometry.gd snap_placement,Code correspondence; test coverage and device limits are described in TEST-REPORT.md
48,Build / craft,Repeated road placement,app.js placeBuilding retains road build mode,scripts/world.gd confirm_build,Code correspondence; test coverage and device limits are described in TEST-REPORT.md
49,Build / craft,Placement rules and collision geometry,settlements.js placement; architecture-game-55.js footprintsOverlap55/buildingContains55/buildingRects56,scripts/building_geometry.gd placement; scripts/building_geometry.gd blocked; scripts/game.gd blocked,Code correspondence; test coverage and device limits are described in TEST-REPORT.md
50,Build / craft,Foundation height/walkable raised ground,settlements.js groundAt/placement; architecture-game-55.js,scripts/building_geometry.gd ground_at; scripts/game.gd ground_at; scripts/world.gd _update_meshes,Code correspondence; test coverage and device limits are described in TEST-REPORT.md
51,Build / craft,Resource auto supply,logistics-54.js materialStores/consume; nearStorage,scripts/game.gd material_stores; scripts/game.gd consume,Code correspondence; test coverage and device limits are described in TEST-REPORT.md
52,Build / craft,Repair / upgrade3 levels,settlements.js maintenanceCost/maintain,scripts/game.gd maintenance_cost; scripts/game.gd maintain,Code correspondence; test coverage and device limits are described in TEST-REPORT.md
53,Build / craft,Tool/gear recipes and station requirements,game.js craft; content-53.js,scripts/game.gd craft; scripts/hud.gd _craft,Code correspondence; test coverage and device limits are described in TEST-REPORT.md
54,Build / craft,Workbench/shipyard discounts,game.js craftCost,scripts/game.gd craft,Code correspondence; test coverage and device limits are described in TEST-REPORT.md
55,Build / craft,Production queue3 recipes / batches,systems-53.js productionStation/queueProduction/updateProduction53,scripts/game.gd queue_production; scripts/game.gd _update_production,Code correspondence; test coverage and device limits are described in TEST-REPORT.md
56,Build / craft,Production cancel/refund and live output,systems-53.js cancelProduction; interface-53.js productionLive53,scripts/game.gd cancel_job; scripts/hud.gd _craft,Code correspondence; test coverage and device limits are described in TEST-REPORT.md
57,Build / craft,Team project placement,company.js createCompanyProject/placement/updateCompanion,scripts/game.gd create_company_project; scripts/world.gd confirm_build; scripts/ai.gd update_companion,Code correspondence; test coverage and device limits are described in TEST-REPORT.md
58,Cargo / vehicles,Cargo capacity and range,expansion.js cargoContainer; systems-53.js; architecture-game-55.js,scripts/game.gd container; scripts/game.gd capacity; scripts/game.gd cargo_range,Code correspondence; test coverage and device limits are described in TEST-REPORT.md
59,Cargo / vehicles,Single transfers5 / deposit all,rpg-ui.js renderCargo/app.js data-transfer/depositAll,scripts/game.gd transfer; scripts/hud.gd _cargo,Code correspondence; test coverage and device limits are described in TEST-REPORT.md
60,Cargo / vehicles,Foreign storage raid,expansion.js startRaid/updateExpansion/transferCargo,scripts/combat_parity.gd start_raid; scripts/combat_parity.gd resolve; scripts/game.gd transfer,Code correspondence; test coverage and device limits are described in TEST-REPORT.md
61,Cargo / vehicles,Cart/wagon crafting,systems-53.js makeCart; content-53.js VEHICLE_COSTS,scripts/game.gd make_vehicle,Code correspondence; test coverage and device limits are described in TEST-REPORT.md
62,Cargo / vehicles,Attach/detach manual cart,expansion.js toggleCart; systems-53.js toggleCart,scripts/game.gd toggle_cart; scripts/game.gd follow_vehicle; scripts/hud.gd _object,Code correspondence; test coverage and device limits are described in TEST-REPORT.md
63,Cargo / vehicles,Follow chosen player/member / stop,systems-53.js setVehicleFollow/updateVehicles53,scripts/game.gd set_vehicle_follow; scripts/ai.gd update_vehicles,Code correspondence; test coverage and device limits are described in TEST-REPORT.md
64,Cargo / vehicles,Loaded cart movement/visual cargo/tracks,frontiers.js updateCartPhysics/prepareInput; systems-53.js updateVehicles53,scripts/game.gd _move_player; scripts/ai.gd update_vehicles; scripts/world.gd _cargo; scripts/character_rig.gd set_contact,Code correspondence; test coverage and device limits are described in TEST-REPORT.md
65,Settlement / economy,Warehouse/granary residents/housing,settlements.js playerSettlement/recruit/settlementSummary,scripts/game.gd recruit; scripts/game.gd beds; scripts/game.gd residents,Code correspondence; test coverage and device limits are described in TEST-REPORT.md
66,Settlement / economy,Stocks/capacity/production balance panel,settlement-ui.js renderSettlement/updateSettlementFigures,scripts/economy_parity.gd settlement_summary; scripts/hud.gd _settlement,Code correspondence; test coverage and device limits are described in TEST-REPORT.md
67,Settlement / economy,Production specialization and35sec cycles,settlements.js productionSpec/productionState/produce,scripts/economy_parity.gd production_spec; scripts/economy_parity.gd production_state; scripts/economy_parity.gd passive_production,Code correspondence; test coverage and device limits are described in TEST-REPORT.md
68,Settlement / economy,Resident food every60sec / starvation pause,settlements.js updateExpansion/updateNPC,scripts/economy_parity.gd consume_food; scripts/economy_parity.gd update_npc,Code correspondence; test coverage and device limits are described in TEST-REPORT.md
69,Settlement / economy,Island barter menu and actual exchange,settlements.js nearestMarket/tradeQuote/trade; settlement-ui.js renderTrade; architecture-game-55.js own market,scripts/game.gd barter_quote; scripts/game.gd barter; scripts/hud.gd _economy,Code correspondence; test coverage and device limits are described in TEST-REPORT.md
70,Settlement / economy,Coin merchant buy/sell,company.js merchantQuote/merchantTrade; company-ui.js renderMerchant,scripts/game.gd quote; scripts/game.gd trade; scripts/hud.gd _trade,Code correspondence; test coverage and device limits are described in TEST-REPORT.md
71,Settlement / economy,Merchant stock replenishment,company.js updateExpansion every30sec,scripts/economy_parity.gd replenish_merchants,Code correspondence; test coverage and device limits are described in TEST-REPORT.md
72,Settlement / economy,NPC workers/builders and actual construction,game.js updateNPC/updateSettlement; systems-53.js updateNPCWorkshops53,scripts/economy_parity.gd update_settlement; scripts/economy_parity.gd update_npc,Code correspondence; test coverage and device limits are described in TEST-REPORT.md
73,Settlement / economy,NPC workshop/cart manufacturing,systems-53.js updateNPCWorkshops53/updateNPC vehicleOrder,scripts/economy_parity.gd update_workshops; scripts/economy_parity.gd update_vehicle_order,Code correspondence; test coverage and device limits are described in TEST-REPORT.md
74,Settlement / economy,Independent NPC groups,company.js formNPCGroup/updateNPCGroups/updateGroupMember,scripts/economy_parity.gd form_group; scripts/economy_parity.gd update_groups,Code correspondence; test coverage and device limits are described in TEST-REPORT.md
75,Company / tasks,Invite peaceful companion,company.js joinCompany,scripts/game.gd join_companion,Code correspondence; test coverage and device limits are described in TEST-REPORT.md
76,Company / tasks,Donate food / karma recovery,company.js donateNPC; company-ui.js data-donate,scripts/game.gd donate,Code correspondence; test coverage and device limits are described in TEST-REPORT.md
77,Company / tasks,Dismiss companion,company.js dismissCompanion; systems-53.js dismiss wrapper,scripts/game.gd dismiss_companion,Code correspondence; test coverage and device limits are described in TEST-REPORT.md
78,Company / tasks,Selected member or entire squad,company-ui.js companyMember; company.js commandCompany,scripts/game.gd command; scripts/hud.gd _squad,Code correspondence; test coverage and device limits are described in TEST-REPORT.md
79,Company / tasks,Follow / wait / defend / attack / repair,company.js commandCompany/updateCompanion,scripts/ai.gd update_companion,Code correspondence; test coverage and device limits are described in TEST-REPORT.md
80,Company / tasks,Gather/deliver quantified tasks,systems-53.js newCompanyTask/updateTaskMember53,scripts/game.gd new_company_task; scripts/ai.gd update_task_member; scripts/ai.gd deliver_task_cargo,Code correspondence; test coverage and device limits are described in TEST-REPORT.md
81,Company / tasks,Assigned cart/wagon task payload,systems-53.js taskCarry53/updateTaskMember53,scripts/ai.gd task_carrier; scripts/ai.gd update_task_member,Code correspondence; test coverage and device limits are described in TEST-REPORT.md
82,Company / tasks,Task cancel/reassign/status history,systems-53.js stopMemberTask53/cancelCompanyTask/task reports; interface-53.js tasksLive53,scripts/game.gd stop_member_task; scripts/game.gd cancel_task; scripts/hud.gd _squad,Code correspondence; test coverage and device limits are described in TEST-REPORT.md
83,Company / tasks,True naval escort,systems-53.js newCompanyTask escort/updateTaskMember53/updateVehicles53/updatePassenger53,scripts/ai.gd update_task_member; scripts/ai.gd update_escorts; scripts/ai.gd update_npc; scripts/combat_parity.gd fire_ship,Code correspondence; test coverage and device limits are described in TEST-REPORT.md
84,Sea / ships,Four owned initial ships / build,expansion.js initExpansion/buildShip/addShip,scripts/game.gd build_ship,Code correspondence; test coverage and device limits are described in TEST-REPORT.md
85,Sea / ships,Board/disembark/raft combined action,expansion.js boardShip/toggleBoat; frontiers.js toggleBoat,scripts/game.gd board; scripts/game.gd disembark; scripts/hud.gd _toggle_boat,Code correspondence; test coverage and device limits are described in TEST-REPORT.md
86,Sea / ships,Raft/wading/swimming,game.js update/toggleBoat; frontiers.js prepareInput,scripts/game.gd toggle_raft; scripts/game.gd _move_player,Code correspondence; test coverage and device limits are described in TEST-REPORT.md
87,Sea / ships,Player ship direction/steering,expansion.js prepareInput/moveShip,scripts/combat_parity.gd move_ship; scripts/world.gd _physics_process,Code correspondence; test coverage and device limits are described in TEST-REPORT.md
88,Sea / ships,Ballista/cannon player fire,expansion.js fireShip,scripts/combat_parity.gd fire_ship,Code correspondence; test coverage and device limits are described in TEST-REPORT.md
89,Sea / ships,NPC naval battles and escort defense,expansion.js updateExpansion NPC ship loop,scripts/combat_parity.gd _update_ships; scripts/ai.gd update_escorts,Code correspondence; test coverage and device limits are described in TEST-REPORT.md
90,Sea / ships,NPC sea routing / real trade cargo,expansion.js waterPath/waterClear/updateExpansion; settlements.js tradeAtPort,scripts/economy_parity.gd water_path; scripts/economy_parity.gd update_ship; scripts/economy_parity.gd naval_trade,Code correspondence; test coverage and device limits are described in TEST-REPORT.md
91,Sea / ships,Ship damage/fire/sinking/respawn,frontiers.js applyDamage/updateExpansion; expansion.js sinkShip/updateExpansion,scripts/combat_parity.gd sink_ship; scripts/combat_parity.gd _update_ships; scripts/world.gd _ship_damage,Code correspondence; test coverage and device limits are described in TEST-REPORT.md
92,Combat / survival,Basic melee windup/combo/range,combat.js beginMelee/resolveStrikes,scripts/combat_parity.gd _begin_melee; scripts/combat_parity.gd resolve,Code correspondence; test coverage and device limits are described in TEST-REPORT.md
93,Combat / survival,Ranged3 bows / power / volley,expansion.js attack/useSkill; combat.js wrappers,scripts/combat_parity.gd _ranged_attack; scripts/combat_parity.gd _resolve_projectiles,Code correspondence; test coverage and device limits are described in TEST-REPORT.md
94,Combat / survival,Critical/poise/guard reactions,expansion.js applyDamage; combat.js applyDamage/hurtPlayer; systems-53.js applyDamage,scripts/combat_parity.gd damage; scripts/combat_parity.gd hurt,Code correspondence; test coverage and device limits are described in TEST-REPORT.md
95,Combat / survival,Dodge/guard restrictions and timing,combat.js useSkill/hurtPlayer; expansion.js useSkill/prepareInput,scripts/combat_parity.gd skill; scripts/combat_parity.gd prepare_input,Code correspondence; test coverage and device limits are described in TEST-REPORT.md
96,Combat / survival,Target cycle/auto battle,combat.js aimScore/cycleTarget; expansion.js prepareInput,scripts/combat_parity.gd cycle_target; scripts/combat_parity.gd prepare_input,Code correspondence; test coverage and device limits are described in TEST-REPORT.md
97,Combat / survival,PvP/karma consequences,expansion.js canAttackTarget/applyDamage/alertSettlement; company.js canAttack wrapper,scripts/combat_parity.gd can_attack; scripts/combat_parity.gd damage; scripts/combat_parity.gd alert_settlement,Code correspondence; test coverage and device limits are described in TEST-REPORT.md
98,Combat / survival,Enemy/NPC/animal behavior,game.js updateNPC/updateAnimal; frontiers.js updateCreature; combat.js enemyStrike,scripts/combat_parity.gd enemy_attack; scripts/ai.gd update_npc; scripts/ai.gd update_beast,Code correspondence; test coverage and device limits are described in TEST-REPORT.md
99,Combat / survival,Health/food/time/movement balance,game.js update/day; frontiers.js/settlements.js,scripts/game.gd step; scripts/game.gd _move_player; scripts/ai.gd step,Code correspondence; test coverage and device limits are described in TEST-REPORT.md
100,Combat / survival,Harvest approach / yield / cancellation,combat.js gather/prepareInput/updateExpansion; game.js gather,scripts/game.gd gather; scripts/game.gd _prepare_gather_input; scripts/game.gd _resolve_actions,Code correspondence; test coverage and device limits are described in TEST-REPORT.md
101,Combat / survival,Resource respawn collision protection,game.js update resources,scripts/ai.gd step,Code correspondence; test coverage and device limits are described in TEST-REPORT.md
102,Combat / survival,Death/loot expiration/respawn,game.js hurtPlayer/respawnPlayer/update; expansion.js sinkShip,scripts/combat_parity.gd _kill; scripts/combat_parity.gd hurt; scripts/combat_parity.gd respawn; scripts/game.gd step,Code correspondence; test coverage and device limits are described in TEST-REPORT.md
103,Combat / survival,Camp/well/gate/house/tower interaction,game.js interact/update; architecture-game-55.js,scripts/hud.gd _object; scripts/economy_parity.gd step; scripts/ai.gd step,Code correspondence; test coverage and device limits are described in TEST-REPORT.md
104,Map / presentation,Archipelago overview/minimap,app.js drawMap/renderMenu map,scripts/map.gd _draw; scripts/hud.gd _map,Code correspondence; test coverage and device limits are described in TEST-REPORT.md
105,Map / presentation,3D world/models/hero,world.js; graphics.js; character-51/52.js; visuals-52/53.js; architecture-55.js,scripts/world.gd _ready; assets; character_rig,Code correspondence; test coverage and device limits are described in TEST-REPORT.md
106,Map / presentation,Terrain/foundation/inn collision visual correctness,world.js terrain; architecture-game-55.js,scripts/world.gd _make_terrain; building_geometry; scripts/world.gd _refresh_building_collision,Code correspondence; test coverage and device limits are described in TEST-REPORT.md
107,Map / presentation,Quality presets/adaptive rendering,quality.js QUALITY_LABELS/qualityProfile/AdaptiveResolution; app.js settings,scripts/world.gd apply_quality; scripts/world.gd _sample_resolution,Code correspondence; test coverage and device limits are described in TEST-REPORT.md
108,Map / presentation,Audio master/music/ambience and mute,audio.js Soundscape; rpg-ui.js renderAudio; app.js audio change handlers,scripts/world.gd set_volume; scripts/world.gd set_sound; scripts/world.gd _refresh_audio_levels,Code correspondence; test coverage and device limits are described in TEST-REPORT.md
109,Map / presentation,Contextual/positional sounds,audio.js Soundscape.update,scripts/world.gd _sound; scripts/world.gd _update_audio,Code correspondence; test coverage and device limits are described in TEST-REPORT.md
110,Map / presentation,Water/foliage/cloth/ship visual states,"ocean.js,vegetation.js,plants-51.js,cloth-53.js,voyage-graphics.js,lighting-56.js",scripts/world.gd _ship_damage; shaders; character_rig,Code correspondence; test coverage and device limits are described in TEST-REPORT.md
